1	0.002123434835	0.002123434835	27.27703687	3.155794751e-09	2.742150951e-10	5.022251184e-08
2	0.00480898171	0.002685546875	19.38311445	3.580625972e-09	2.74244627e-10	1.860787088e-08
3	0.007494528585	0.002685546875	19.19398201	3.613233291e-09	2.742741589e-10	1.38783995e-08
4	0.01018007546	0.002685546875	19.40300527	3.614577087e-09	2.743032468e-10	1.401393821e-08
5	0.01286562234	0.002685546875	19.3993343	3.61342259e-09	2.743323346e-10	1.401406979e-08
6	0.01555116921	0.002685546875	19.37986047	3.612076596e-09	2.743614225e-10	1.39998503e-08
7	0.01823671609	0.002685546875	19.37025055	3.610706289e-09	2.743905103e-10	1.398422322e-08
8	0.02092226296	0.002685546875	19.49805147	3.609330401e-09	2.744195982e-10	1.396848945e-08
9	0.02360780984	0.002685546875	19.53225943	3.607972597e-09	2.744482419e-10	1.395273812e-08
10	0.02629335671	0.002685546875	19.1976682	3.606597948e-09	2.744773298e-10	1.393703149e-08
11	0.02897890359	0.002685546875	19.65999441	3.605240371e-09	2.745064176e-10	1.392132989e-08
12	0.03166445046	0.002685546875	19.51459024	3.60386734e-09	2.745355054e-10	1.390566279e-08
13	0.03434999734	0.002685546875	19.80413236	3.602503789e-09	2.745645933e-10	1.389000574e-08
14	0.03703554421	0.002685546875	20.00278884	3.601146679e-09	2.74593237e-10	1.387437687e-08
15	0.03972109109	0.002685546875	20.27740061	3.599773988e-09	2.746223249e-10	1.385875414e-08
16	0.04240663796	0.002685546875	19.54469146	3.598413941e-09	2.746514127e-10	1.38431515e-08
17	0.04509218484	0.002685546875	19.59633664	3.597055019e-09	2.746800565e-10	1.3827572e-08
18	0.04777773171	0.002685546875	19.8537501	3.595697097e-09	2.747091443e-10	1.381201262e-08
19	0.05046327859	0.002685546875	20.15469667	3.594335111e-09	2.747377881e-10	1.379647211e-08
20	0.05314882546	0.002685546875	20.19927798	3.592989692e-09	2.747668759e-10	1.378095033e-08
21	0.05583437234	0.002685546875	20.06340698	3.591635147e-09	2.747959638e-10	1.376546512e-08
22	0.05851991921	0.002685546875	19.51266853	3.59027831e-09	2.748246075e-10	1.374998342e-08
23	0.06120546609	0.002685546875	19.09661468	3.588915386e-09	2.748532513e-10	1.373453035e-08
24	0.06389101296	0.002685546875	19.26395152	3.587566243e-09	2.748823391e-10	1.371908262e-08
25	0.06657655984	0.002685546875	19.34332704	3.586207468e-09	2.749109829e-10	1.37036584e-08
26	0.06926210671	0.002685546875	18.93694996	3.584857412e-09	2.749396266e-10	1.368824474e-08
27	0.07194765359	0.002685546875	18.97893912	3.583509242e-09	2.749687145e-10	1.367286926e-08
28	0.07463320046	0.002685546875	19.51391398	3.582156628e-09	2.749973582e-10	1.365750445e-08
29	0.07731874734	0.002685546875	19.11184001	3.580806279e-09	2.75026002e-10	1.364215867e-08
30	0.08000429421	0.002685546875	19.3328256	3.579462625e-09	2.750546457e-10	1.362683297e-08
31	0.08268984109	0.002685546875	20.48736181	3.578113768e-09	2.750837336e-10	1.36115254e-08
32	0.08537538796	0.002685546875	20.10879122	3.576766037e-09	2.751123773e-10	1.359623018e-08
33	0.08806093484	0.002685546875	20.45767736	3.575415128e-09	2.751410211e-10	1.358095454e-08
34	0.09074648171	0.002685546875	20.33317766	3.574072433e-09	2.751696648e-10	1.356570628e-08
35	0.09343202859	0.002685546875	19.89150697	3.572743519e-09	2.751983086e-10	1.355047973e-08
36	0.09611757546	0.002685546875	20.18761788	3.57139219e-09	2.752269523e-10	1.353527896e-08
37	0.09880312234	0.002685546875	20.38113053	3.570046543e-09	2.752555961e-10	1.352008006e-08
38	0.1014886692	0.002685546875	19.7983868	3.56871607e-09	2.752842398e-10	1.350490008e-08
39	0.1041742161	0.002685546875	19.83670222	3.567366346e-09	2.753128836e-10	1.348974583e-08
40	0.106859763	0.002685546875	19.96345423	3.566022177e-09	2.753415274e-10	1.347459315e-08
41	0.1095453098	0.002685546875	20.33195416	3.564683057e-09	2.753701711e-10	1.3459459e-08
42	0.1122308567	0.002685546875	20.12554532	3.563343924e-09	2.753983708e-10	1.344436254e-08
43	0.1149164036	0.002685546875	19.99789109	3.562010599e-09	2.754270145e-10	1.342928259e-08
44	0.1176019505	0.002685546875	19.86770529	3.560676374e-09	2.754556583e-10	1.34142208e-08
45	0.1202874973	0.002685546875	19.87417181	3.559333023e-09	2.75484302e-10	1.339917484e-08
46	0.1229730442	0.002685546875	20.40324788	3.558000923e-09	2.755125017e-10	1.338413783e-08
47	0.1256585911	0.002685546875	20.27587553	3.556665265e-09	2.755411455e-10	1.33691242e-08
