1	0.002123434835	0.002123434835	27.80838346	3.155794751e-09	2.742150951e-10	5.022251184e-08
2	0.00480898171	0.002685546875	19.76161819	3.580625972e-09	2.74244627e-10	1.860787088e-08
3	0.007494528585	0.002685546875	19.71628225	3.613233291e-09	2.742741589e-10	1.38783995e-08
4	0.01018007546	0.002685546875	20.61445699	3.614577087e-09	2.743032468e-10	1.401393821e-08
5	0.01286562234	0.002685546875	20.49305101	3.61342259e-09	2.743323346e-10	1.401406979e-08
6	0.01555116921	0.002685546875	20.50481107	3.612076596e-09	2.743614225e-10	1.39998503e-08
7	0.01823671609	0.002685546875	20.85575656	3.610706289e-09	2.743905103e-10	1.398422322e-08
8	0.02092226296	0.002685546875	20.42123981	3.609330401e-09	2.744195982e-10	1.396848945e-08
9	0.02360780984	0.002685546875	20.40290801	3.607972597e-09	2.744482419e-10	1.395273812e-08
10	0.02629335671	0.002685546875	20.43673231	3.606597948e-09	2.744773298e-10	1.393703149e-08
11	0.02897890359	0.002685546875	20.06959156	3.605240371e-09	2.745064176e-10	1.392132989e-08
12	0.03166445046	0.002685546875	19.95200591	3.60386734e-09	2.745355054e-10	1.390566279e-08
13	0.03434999734	0.002685546875	19.92743908	3.602503789e-09	2.745645933e-10	1.389000574e-08
14	0.03703554421	0.002685546875	20.24115198	3.601146679e-09	2.74593237e-10	1.387437687e-08
15	0.03972109109	0.002685546875	20.00632615	3.599773988e-09	2.746223249e-10	1.385875414e-08
16	0.04240663796	0.002685546875	20.10172149	3.598413941e-09	2.746514127e-10	1.38431515e-08
17	0.04509218484	0.002685546875	20.22135679	3.597055019e-09	2.746800565e-10	1.3827572e-08
18	0.04777773171	0.002685546875	20.3279289	3.595697097e-09	2.747091443e-10	1.381201262e-08
19	0.05046327859	0.002685546875	19.72724061	3.594335111e-09	2.747377881e-10	1.379647211e-08
20	0.05314882546	0.002685546875	20.19374484	3.592989692e-09	2.747668759e-10	1.378095033e-08
21	0.05583437234	0.002685546875	20.65276522	3.591635147e-09	2.747959638e-10	1.376546512e-08
22	0.05851991921	0.002685546875	20.25907927	3.59027831e-09	2.748246075e-10	1.374998342e-08
23	0.06120546609	0.002685546875	19.8406441	3.588915386e-09	2.748532513e-10	1.373453035e-08
24	0.06389101296	0.002685546875	20.90373917	3.587566243e-09	2.748823391e-10	1.371908262e-08
25	0.06657655984	0.002685546875	20.08422	3.586207468e-09	2.749109829e-10	1.37036584e-08
26	0.06926210671	0.002685546875	20.14627768	3.584857412e-09	2.749396266e-10	1.368824474e-08
27	0.07194765359	0.002685546875	20.38936814	3.583509242e-09	2.749687145e-10	1.367286926e-08
28	0.07463320046	0.002685546875	19.35105194	3.582156628e-09	2.749973582e-10	1.365750445e-08
29	0.07731874734	0.002685546875	20.18457926	3.580806279e-09	2.75026002e-10	1.364215867e-08
30	0.08000429421	0.002685546875	20.21370075	3.579462625e-09	2.750546457e-10	1.362683297e-08
31	0.08268984109	0.002685546875	19.46947076	3.578113768e-09	2.750837336e-10	1.36115254e-08
32	0.08537538796	0.002685546875	19.26029244	3.576766037e-09	2.751123773e-10	1.359623018e-08
33	0.08806093484	0.002685546875	19.64188816	3.575415128e-09	2.751410211e-10	1.358095454e-08
34	0.09074648171	0.002685546875	19.82537042	3.574072433e-09	2.751696648e-10	1.356570628e-08
35	0.09343202859	0.002685546875	20.10817541	3.572743519e-09	2.751983086e-10	1.355047973e-08
36	0.09611757546	0.002685546875	21.13616687	3.57139219e-09	2.752269523e-10	1.353527896e-08
37	0.09880312234	0.002685546875	19.74937339	3.570046543e-09	2.752555961e-10	1.352008006e-08
38	0.1014886692	0.002685546875	19.75965176	3.56871607e-09	2.752842398e-10	1.350490008e-08
39	0.1041742161	0.002685546875	20.21083812	3.567366346e-09	2.753128836e-10	1.348974583e-08
40	0.106859763	0.002685546875	20.21307456	3.566022177e-09	2.753415274e-10	1.347459315e-08
41	0.1095453098	0.002685546875	19.52660132	3.564683057e-09	2.753701711e-10	1.3459459e-08
42	0.1122308567	0.002685546875	20.23101256	3.563343924e-09	2.753983708e-10	1.344436254e-08
43	0.1149164036	0.002685546875	20.42616013	3.562010599e-09	2.754270145e-10	1.342928259e-08
44	0.1176019505	0.002685546875	20.72977007	3.560676374e-09	2.754556583e-10	1.34142208e-08
45	0.1202874973	0.002685546875	20.47370003	3.559333023e-09	2.75484302e-10	1.339917484e-08
46	0.1229730442	0.002685546875	21.11962117	3.558000923e-09	2.755125017e-10	1.338413783e-08
47	0.1256585911	0.002685546875	20.93724564	3.556665265e-09	2.755411455e-10	1.33691242e-08
48	0.128344138	0.002685546875	19.83600534	3.555324911e-09	2.755697892e-10	1.335412253e-08
49	0.1310296848	0.002685546875	19.20716129	3.553998592e-09	2.755979889e-10	1.333915154e-08
50	0.1337152317	0.002685546875	19.67859457	3.55267188e-09	2.756266326e-10	1.332420327e-08
51	0.1364007786	0.002685546875	19.78554734	3.551346546e-09	2.756548323e-10	1.330927255e-08
52	0.1390863255	0.002685546875	20.12839827	3.550009554e-09	2.75683476e-10	1.329435866e-08
53	0.1417718723	0.002685546875	19.99231346	3.548676219e-09	2.757118978e-10	1.327945198e-08
54	0.1444574192	0.002685546875	19.41923978	3.547342997e-09	2.757405415e-10	1.326456083e-08
55	0.1471429661	0.002685546875	19.9947478	3.546020266e-09	2.757687412e-10	1.324968543e-08
56	0.149828513	0.002685546875	19.79446315	3.544696762e-09	2.757969408e-10	1.32348329e-08
57	0.1525140598	0.002685546875	20.23484647	3.543360968e-09	2.758255846e-10	1.322001247e-08
58	0.1551996067	0.002685546875	20.15560319	3.542039208e-09	2.758540063e-10	1.320519948e-08
59	0.1578851536	0.002685546875	19.79224258	3.540714144e-09	2.75882206e-10	1.319041187e-08
60	0.1605707005	0.002685546875	20.48713578	3.539404634e-09	2.759104056e-10	1.31756352e-08
61	0.1632562473	0.002685546875	20.27187177	3.538073088e-09	2.759390494e-10	1.31608852e-08
62	0.1659417942	0.002685546875	21.18550813	3.536744186e-09	2.759672491e-10	1.314613798e-08
63	0.1686273411	0.002685546875	21.05305841	3.535416915e-09	2.759954487e-10	1.354543455e-08
64	0.171312888	0.002685546875	21.5043599	3.534102793e-09	2.760236484e-10	1.3982143e-08
65	0.1739984348	0.002685546875	21.33488004	3.532792455e-09	2.76051848e-10	1.443177866e-08
66	0.1766839817	0.002685546875	21.71234665	3.531463497e-09	2.760800477e-10	1.489485868e-08
67	0.1793695286	0.002685546875	21.81067708	3.530147562e-09	2.761082474e-10	1.537178962e-08
68	0.1820550755	0.002685546875	21.54441096	3.528834398e-09	2.76136447e-10	1.586306109e-08
69	0.1847406223	0.002685546875	22.06228589	3.52751236e-09	2.761646467e-10	1.636918068e-08
70	0.1874261692	0.002685546875	21.85302332	3.526195624e-09	2.761928464e-10	1.689067597e-08
71	0.1901117161	0.002685546875	23.36164774	3.524876469e-09	2.76221046e-10	1.742809452e-08
72	0.192797263	0.002685546875	21.32334423	3.523575526e-09	2.762492457e-10	1.798200833e-08
73	0.1954828098	0.002685546875	20.87048886	3.522251661e-09	2.762774454e-10	1.85530098e-08
74	0.1981683567	0.002685546875	21.08613148	3.520938793e-09	2.76305423e-10	1.914171621e-08
75	0.2008539036	0.002685546875	20.92086889	3.5196311e-09	2.763336227e-10	1.974877151e-08
76	0.2035394505	0.002685546875	21.22962919	3.518321242e-09	2.763618223e-10	2.037484403e-08
77	0.2062249973	0.002685546875	20.5328236	3.517003396e-09	2.763895779e-10	2.102062968e-08
78	0.2089105442	0.002685546875	21.32798249	3.515691358e-09	2.764177776e-10	2.16868532e-08
79	0.2115960911	0.002685546875	21.13903444	3.514387913e-09	2.764459772e-10	2.237426822e-08
80	0.214281638	0.002685546875	21.11315797	3.513077999e-09	2.764739548e-10	2.308365987e-08
81	0.2169671848	0.002685546875	22.02544914	3.511784905e-09	2.765021545e-10	2.381584796e-08
82	0.2196527317	0.002685546875	20.50662829	3.510468507e-09	2.765299101e-10	2.457168424e-08
83	0.2223382786	0.002685546875	21.80947183	3.50916045e-09	2.765581097e-10	2.535205912e-08
84	0.2250238255	0.002685546875	20.29403719	3.507852758e-09	2.765858653e-10	2.615789718e-08
85	0.2277093723	0.002685546875	20.95549613	3.506549735e-09	2.76614065e-10	2.699016521e-08
86	0.2303949192	0.002685546875	20.66384821	3.505244167e-09	2.766420426e-10	2.784987085e-08
87	0.2330804661	0.002685546875	20.74417399	3.503952761e-09	2.766702423e-10	2.873806393e-08
88	0.235766013	0.002685546875	20.98519215	3.502643367e-09	2.766979978e-10	2.965584089e-08
89	0.2384515598	0.002685546875	20.41970984	3.50134282e-09	2.767257534e-10	3.060434617e-08
90	0.2411371067	0.002685546875	19.92162552	3.500055928e-09	2.76753509e-10	3.158477346e-08
91	0.2438226536	0.002685546875	20.42024046	3.498745733e-09	2.767817087e-10	3.259836889e-08
92	0.2465082005	0.002685546875	20.60031745	3.497445143e-09	2.768094642e-10	3.364643364e-08
93	0.2491937473	0.002685546875	20.5255085	3.496145172e-09	2.768372198e-10	3.47303275e-08
94	0.2518792942	0.002685546875	19.63413229	3.494843921e-09	2.768649754e-10	3.585147113e-08
95	0.2545648411	0.002685546875	20.13117424	3.49355101e-09	2.76892731e-10	3.701134776e-08
96	0.257250388	0.002685546875	20.29880459	3.49226897e-09	2.769207086e-10	3.821150862e-08
97	0.2599359348	0.002685546875	20.47194607	3.490974891e-09	2.769489083e-10	3.945357374e-08
98	0.2626214817	0.002685546875	20.41919933	3.489667761e-09	2.769766638e-10	4.073923865e-08
99	0.2653070286	0.002685546875	20.60711088	3.488378844e-09	2.770046414e-10	4.207027615e-08
100	0.2679925755	0.002685546875	21.03899292	3.487082571e-09	2.77032397e-10	4.344854121e-08
101	0.2706781223	0.002685546875	20.81540641	3.485788562e-09	2.770597085e-10	4.487597316e-08
102	0.2733636692	0.002685546875	20.70307317	3.484494666e-09	2.770874641e-10	4.635460282e-08
103	0.2760492161	0.002685546875	21.88600323	3.483209363e-09	2.771152197e-10	4.788655472e-08
104	0.278734763	0.002685546875	20.52095252	3.481921893e-09	2.771429752e-10	4.947405419e-08
105	0.2814203098	0.002685546875	21.86586716	3.48064289e-09	2.771707308e-10	5.11194318e-08
106	0.2841058567	0.002685546875	21.30345092	3.479348431e-09	2.771984864e-10	5.282512827e-08
107	0.2867914036	0.002685546875	21.285848	3.478054337e-09	2.772257979e-10	5.459369978e-08
108	0.2894769505	0.002685546875	21.58610019	3.476770355e-09	2.772535534e-10	5.642782641e-08
109	0.2921624973	0.002685546875	20.77086689	3.475481675e-09	2.77281309e-10	5.833031835e-08
110	0.2948480442	0.002685546875	21.02311679	3.474193741e-09	2.773090646e-10	6.030411814e-08
111	0.2975335911	0.002685546875	20.56165534	3.47291731e-09	2.773368202e-10	6.235231398e-08
112	0.300219138	0.002685546875	20.4782266	3.471642005e-09	2.773645758e-10	6.44781446e-08
113	0.3029046848	0.002685546875	20.34702074	3.470362255e-09	2.773918872e-10	6.668513475e-08
114	0.3055902317	0.002685546875	20.69048742	3.469082112e-09	2.774196428e-10	6.897672566e-08
115	0.3082757786	0.002685546875	19.63922204	3.467791701e-09	2.774469543e-10	7.135666014e-08
116	0.3109613255	0.002685546875	20.56888771	3.46651368e-09	2.774747099e-10	7.38288648e-08
117	0.3136468723	0.002685546875	21.10846544	3.465221975e-09	2.775020214e-10	7.639746613e-08
118	0.3163324192	0.002685546875	20.71731457	3.463943799e-09	2.775293328e-10	7.906679578e-08
119	0.3190179661	0.002685546875	20.2046142	3.462673837e-09	2.775570884e-10	8.184140565e-08
120	0.321703513	0.002685546875	20.29368311	3.461395633e-09	2.77584622e-10	8.47260786e-08
121	0.3243890598	0.002685546875	19.63665921	3.460119692e-09	2.776119334e-10	8.772583815e-08
122	0.3270746067	0.002685546875	19.16606191	3.458851332e-09	2.77639689e-10	9.084596719e-08
123	0.3297601536	0.002685546875	19.66352566	3.457570427e-09	2.776672225e-10	9.409202217e-08
124	0.3324457005	0.002685546875	20.17528433	3.456289887e-09	2.77694534e-10	9.746984375e-08
125	0.3351312473	0.002685546875	19.80718703	3.455015408e-09	2.777218455e-10	1.009855737e-07
126	0.3378167942	0.002685546875	20.05962536	3.453741042e-09	2.77749157e-10	1.046456779e-07
127	0.3405023411	0.002685546875	20.63301535	3.452472483e-09	2.777769126e-10	1.084569572e-07
128	0.343187888	0.002685546875	20.29139655	3.45121467e-09	2.778042241e-10	1.124265694e-07
129	0.3458734348	0.002685546875	19.83264582	3.449935703e-09	2.778317576e-10	1.16562048e-07
130	0.3485589817	0.002685546875	19.6904846	3.448663811e-09	2.778590691e-10	1.208713272e-07
131	0.3512445286	0.002685546875	21.11908259	3.447395322e-09	2.778863806e-10	1.253627602e-07
132	0.3539300755	0.002685546875	20.69313082	3.44612454e-09	2.779136921e-10	1.300451427e-07
133	0.3566156223	0.002685546875	20.91325483	3.444867794e-09	2.779410035e-10	1.349277436e-07
134	0.3593011692	0.002685546875	20.05578307	3.443591793e-09	2.77968315e-10	1.400203251e-07
135	0.3619867161	0.002685546875	20.8359683	3.442322867e-09	2.779954045e-10	1.453331748e-07
136	0.364672263	0.002685546875	19.7506686	3.441061647e-09	2.78022716e-10	1.508771357e-07
137	0.3673578098	0.002685546875	20.14253376	3.43979535e-09	2.780500274e-10	1.566636332e-07
138	0.3700433567	0.002685546875	20.07007795	3.438534481e-09	2.780773389e-10	1.627047137e-07
139	0.3727289036	0.002685546875	20.32334983	3.437271193e-09	2.781046504e-10	1.690130746e-07
140	0.3754144505	0.002685546875	19.74210144	3.436007384e-09	2.781317399e-10	1.756021071e-07
141	0.3780999973	0.002685546875	20.53876924	3.434745206e-09	2.781590513e-10	1.82485925e-07
142	0.3807855442	0.002685546875	19.98498437	3.433480103e-09	2.781863628e-10	1.896794135e-07
143	0.3834710911	0.002685546875	19.54468235	3.432314727e-09	2.782132302e-10	1.971982764e-07
144	0.386156638	0.002685546875	20.43167528	3.431182422e-09	2.782405417e-10	2.050590631e-07
145	0.3888421848	0.002685546875	20.21845705	3.430035952e-09	2.782676312e-10	2.132792378e-07
146	0.3915277317	0.002685546875	20.42868165	3.428900865e-09	2.782949426e-10	2.218772117e-07
147	0.3942132786	0.002685546875	20.92106427	3.427757529e-09	2.783222541e-10	2.30872665e-07
148	0.3968988255	0.002685546875	20.31256217	3.426618245e-09	2.783493436e-10	2.402858286e-07
149	0.3995843723	0.002685546875	19.76135896	3.425480174e-09	2.78376211e-10	2.501383012e-07
150	0.4022699192	0.002685546875	19.92543631	3.424342371e-09	2.784035225e-10	2.60452854e-07
151	0.4049554661	0.002685546875	19.8964404	3.423204009e-09	2.784303899e-10	2.71253505e-07
152	0.407641013	0.002685546875	19.67441165	3.422070409e-09	2.784577013e-10	2.825655603e-07
153	0.4103265598	0.002685546875	19.8202292	3.42093956e-09	2.784845687e-10	2.944157114e-07
154	0.4130121067	0.002685546875	20.56986517	3.419804608e-09	2.785118802e-10	3.068320691e-07
155	0.4156976536	0.002685546875	20.52129186	3.418671344e-09	2.785387476e-10	3.198442613e-07
156	0.4183832005	0.002685546875	20.09402984	3.417538352e-09	2.785660591e-10	3.334834826e-07
157	0.4210687473	0.002685546875	20.16476253	3.416406459e-09	2.785929265e-10	3.47782585e-07
158	0.4237542942	0.002685546875	20.51765617	3.415273419e-09	2.786197939e-10	3.627761576e-07
159	0.4264398411	0.002685546875	20.84269939	3.414139352e-09	2.786466613e-10	3.785005749e-07
160	0.429125388	0.002685546875	20.87261895	3.413008986e-09	2.786735287e-10	3.94994105e-07
161	0.4318109348	0.002685546875	20.14002891	3.411883857e-09	2.787003961e-10	4.122969575e-07
162	0.4344964817	0.002685546875	22.57770664	3.410754865e-09	2.787274855e-10	4.30451383e-07
163	0.4371820286	0.002685546875	21.23524802	3.409627448e-09	2.787543529e-10	4.495017354e-07
164	0.4398675755	0.002685546875	20.8234493	3.408500307e-09	2.787814424e-10	4.694945375e-07
165	0.4425531223	0.002685546875	20.90257639	3.407373441e-09	2.788083098e-10	4.904785715e-07
166	0.4452386692	0.002685546875	20.72518963	3.406246497e-09	2.788351772e-10	5.125049114e-07
167	0.4479242161	0.002685546875	20.94779644	3.40512042e-09	2.788620446e-10	5.356270041e-07
168	0.450609763	0.002685546875	19.78827428	3.403996866e-09	2.78888912e-10	5.599007107e-07
169	0.4532953098	0.002685546875	20.22883262	3.402876424e-09	2.789157794e-10	5.85384349e-07
170	0.4559808567	0.002685546875	20.19206618	3.401750117e-09	2.789426468e-10	6.12138729e-07
171	0.4586664036	0.002685546875	20.26672516	3.400628579e-09	2.789692921e-10	6.402271673e-07
172	0.4613519505	0.002685546875	20.58023709	3.399507437e-09	2.789961595e-10	6.697154653e-07
173	0.4640374973	0.002685546875	20.85769887	3.398386339e-09	2.790230269e-10	7.006719578e-07
174	0.4667230442	0.002685546875	21.55119438	3.397265404e-09	2.790498943e-10	7.331673526e-07
175	0.4694085911	0.002685546875	20.70241298	3.396144276e-09	2.790765397e-10	7.672753064e-07
176	0.472094138	0.002685546875	20.42447888	3.395025556e-09	2.791034071e-10	8.030707512e-07
177	0.4747796848	0.002685546875	20.30900364	3.393915384e-09	2.791300524e-10	8.406312482e-07
178	0.4774652317	0.002685546875	20.45102852	3.392791677e-09	2.791569198e-10	8.800363993e-07
179	0.4801507786	0.002685546875	19.98469512	3.39167463e-09	2.791837872e-10	9.213676648e-07
180	0.4828363255	0.002685546875	20.07274766	3.390560583e-09	2.792102105e-10	9.647079899e-07
181	0.4855218723	0.002685546875	21.70983447	3.389444575e-09	2.792370779e-10	1.010141656e-06
182	0.4882074192	0.002685546875	20.37884007	3.388329206e-09	2.792639453e-10	1.057753927e-06
183	0.4908929661	0.002685546875	19.18518035	3.387216601e-09	2.792903686e-10	1.107630549e-06
184	0.493578513	0.002685546875	19.54475485	3.386099323e-09	2.79317236e-10	1.159857401e-06
185	0.4962640598	0.002685546875	19.31959074	3.384984102e-09	2.793436593e-10	1.214520044e-06
186	0.4989496067	0.002685546875	20.06949162	3.383872944e-09	2.793700826e-10	1.271702885e-06
187	0.5016351536	0.002685546875	20.41793227	3.401633781e-09	2.7939695e-10	1.331488775e-06
188	0.5043207005	0.002685546875	20.3045162	3.444687101e-09	2.794233733e-10	1.393958215e-06
189	0.5070062473	0.002685546875	20.07512749	3.48764504e-09	2.794502407e-10	1.459188592e-06
190	0.5096917942	0.002685546875	20.11852027	3.53044197e-09	2.79476664e-10	1.527253325e-06
191	0.5123773411	0.002685546875	21.706837	3.573009011e-09	2.795035314e-10	1.598220958e-06
192	0.515062888	0.002685546875	21.06793793	3.615274113e-09	2.795299547e-10	1.672154184e-06
193	0.5177484348	0.002685546875	20.23053102	3.657160533e-09	2.79556378e-10	1.749108886e-06
194	0.5204339817	0.002685546875	20.44574808	3.698588678e-09	2.795828014e-10	1.829133019e-06
195	0.5231195286	0.002685546875	21.12571621	3.739491215e-09	2.796094467e-10	1.912265748e-06
196	0.5258050755	0.002685546875	21.04862868	3.779749515e-09	2.796360921e-10	1.998536202e-06
197	0.5284906223	0.002685546875	20.94154887	3.819290994e-09	2.796625154e-10	2.087962031e-06
198	0.5311761692	0.002685546875	20.60938913	3.858024335e-09	2.796889387e-10	2.180548773e-06
199	0.5338617161	0.002685546875	20.96840049	3.895880131e-09	2.79715362e-10	2.27628972e-06
200	0.536547263	0.002685546875	19.86026782	3.932735163e-09	2.797417853e-10	2.375162119e-06
201	0.5392328098	0.002685546875	19.81806582	3.968483142e-09	2.797682086e-10	2.477128859e-06
202	0.5419183567	0.002685546875	20.62242616	4.003066241e-09	2.797946319e-10	2.582136894e-06
203	0.5446039036	0.002685546875	20.30887727	4.036353581e-09	2.798208332e-10	2.690116986e-06
204	0.5472894505	0.002685546875	21.15562437	4.068283511e-09	2.798472565e-10	2.800982642e-06
205	0.5499749973	0.002685546875	19.94280624	4.098751139e-09	2.798736798e-10	2.914630429e-06
206	0.5526605442	0.002685546875	20.77791083	4.127654032e-09	2.799001031e-10	3.030939489e-06
207	0.5553460911	0.002685546875	19.90069124	4.15492278e-09	2.799265264e-10	3.149771736e-06
208	0.558031638	0.002685546875	19.79658627	4.180492854e-09	2.799529497e-10	3.270972449e-06
209	0.5607171848	0.002685546875	20.90514572	4.204262403e-09	2.79979373e-10	3.394370921e-06
210	0.5634027317	0.002685546875	19.93438113	4.226191029e-09	2.800053522e-10	3.519780968e-06
211	0.5660882786	0.002685546875	21.30363451	4.246198217e-09	2.800317755e-10	3.647002536e-06
212	0.5687738255	0.002685546875	20.51205527	4.264243593e-09	2.800579768e-10	3.775822606e-06
213	0.5714593723	0.002685546875	20.8646022	4.280260351e-09	2.800844001e-10	3.906017021e-06
214	0.5741449192	0.002685546875	22.09519774	4.294226691e-09	2.801106014e-10	4.03735195e-06
215	0.5768304661	0.002685546875	24.18542125	4.306113545e-09	2.801370247e-10	4.169586092e-06
216	0.579516013	0.002685546875	26.36741844	4.315912043e-09	2.801630039e-10	4.302472561e-06
217	0.5822015598	0.002685546875	26.52296866	4.323604445e-09	2.801894272e-10	4.435761092e-06
218	0.5848871067	0.002685546875	23.11941582	4.329178321e-09	2.802158505e-10	4.569213885e-06
219	0.5875726536	0.002685546875	25.58537121	4.332661956e-09	2.802418297e-10	4.702580966e-06
220	0.5902582005	0.002685546875	24.48287211	4.334056559e-09	2.802682531e-10	4.835613929e-06
221	0.5929437473	0.002685546875	22.09364525	4.333396454e-09	2.802942323e-10	4.968069049e-06
222	0.5956292942	0.002685546875	21.43960645	4.330724308e-09	2.803202115e-10	5.099709384e-06
223	0.5983148411	0.002685546875	22.62641214	4.326075906e-09	2.803461907e-10	5.230306563e-06
224	0.601000388	0.002685546875	21.74746256	4.319496618e-09	2.80372614e-10	5.359642344e-06
225	0.6036859348	0.002685546875	21.33046504	4.311049818e-09	2.803990373e-10	5.487509988e-06
226	0.6063714817	0.002685546875	20.9553177	4.300798233e-09	2.804250165e-10	5.613715643e-06
227	0.6090570286	0.002685546875	20.99708153	4.288809664e-09	2.804509958e-10	5.738079302e-06
228	0.6117425755	0.002685546875	21.45784094	4.275158075e-09	2.80476975e-10	5.860435508e-06
229	0.6144281223	0.002685546875	21.22260648	4.259921511e-09	2.805031762e-10	5.980634008e-06
230	0.6171136692	0.002685546875	21.33336855	4.243204209e-09	2.805291555e-10	6.098540119e-06
231	0.6197992161	0.002685546875	20.8628786	4.225066591e-09	2.805553567e-10	6.214034961e-06
232	0.622484763	0.002685546875	20.96635732	4.205589422e-09	2.805813359e-10	6.327017175e-06
233	0.6251703098	0.002685546875	20.31335293	4.184860414e-09	2.806073152e-10	6.437396749e-06
234	0.6278558567	0.002685546875	20.87533581	4.16296659e-09	2.806332944e-10	6.545100732e-06
235	0.6305414036	0.002685546875	19.90166964	4.139994901e-09	2.806592736e-10	6.650070759e-06
236	0.6332269505	0.002685546875	20.31619038	4.116032814e-09	2.806852528e-10	6.752262493e-06
237	0.6359124973	0.002685546875	20.47907648	4.091160008e-09	2.80711232e-10	6.85164467e-06
238	0.6385980442	0.002685546875	19.71575485	4.065460307e-09	2.807372113e-10	6.948198433e-06
239	0.6412835911	0.002685546875	20.14303402	4.039016639e-09	2.807631905e-10	7.04191649e-06
240	0.643969138	0.002685546875	19.89839428	4.011908449e-09	2.807891697e-10	7.132802381e-06
241	0.6466546848	0.002685546875	20.16411235	3.984204902e-09	2.808149269e-10	7.220869477e-06
242	0.6493402317	0.002685546875	20.1814494	3.955984299e-09	2.808409061e-10	7.306140006e-06
243	0.6520257786	0.002685546875	20.08008807	3.927314523e-09	2.808668853e-10	7.388644207e-06
244	0.6547113255	0.002685546875	20.05384095	3.898259817e-09	2.808928645e-10	7.468419525e-06
245	0.6573968723	0.002685546875	20.68529571	3.868888163e-09	2.809188437e-10	7.54550976e-06
246	0.6600824192	0.002685546875	20.76174232	3.839257686e-09	2.80944823e-10	7.619964279e-06
247	0.6627679661	0.002685546875	20.13803252	3.809423586e-09	2.809703581e-10	7.691837155e-06
248	0.665453513	0.002685546875	20.34401896	3.779439824e-09	2.809963373e-10	7.761186609e-06
249	0.6681390598	0.002685546875	20.38329212	3.749356551e-09	2.810220945e-10	7.828074189e-06
250	0.6708246067	0.002685546875	20.58002862	3.719219284e-09	2.810478517e-10	7.892564241e-06
251	0.6735101536	0.002685546875	20.32214152	3.689071946e-09	2.810738309e-10	7.954723301e-06
252	0.6761957005	0.002685546875	21.33044112	3.658954669e-09	2.81099366e-10	8.014619539e-06
253	0.6788812473	0.002685546875	20.75035728	3.628905646e-09	2.811253452e-10	8.072322402e-06
254	0.6815667942	0.002685546875	20.048903	3.598957681e-09	2.811511024e-10	8.127901978e-06
255	0.6842523411	0.002685546875	20.43091094	3.569143495e-09	2.811766375e-10	8.181428839e-06
256	0.686937888	0.002685546875	19.9505738	3.539491752e-09	2.812026167e-10	8.232973542e-06
257	0.6896234348	0.002685546875	20.35590226	3.510029177e-09	2.812283739e-10	8.282606387e-06
258	0.6923089817	0.002685546875	20.24120142	3.480780388e-09	2.812539091e-10	8.330397122e-06
259	0.6949945286	0.002685546875	20.07886788	3.451764906e-09	2.812796662e-10	8.376414769e-06
260	0.6976800755	0.002685546875	19.7724351	3.423003161e-09	2.813052014e-10	8.420727369e-06
261	0.7003656223	0.002685546875	20.88917057	3.394513522e-09	2.813307365e-10	8.463401826e-06
262	0.7030511692	0.002685546875	20.77516896	3.366313227e-09	2.813567157e-10	8.504503768e-06
263	0.7057367161	0.002685546875	20.11680406	3.338413262e-09	2.813826949e-10	8.544097426e-06
264	0.708422263	0.002685546875	19.84038567	3.310828088e-09	2.814082301e-10	8.582245599e-06
265	0.7111078098	0.002685546875	20.31428766	3.298141202e-09	2.814337652e-10	8.619009463e-06
266	0.7137933567	0.002685546875	19.7716358	3.297083323e-09	2.814593003e-10	8.654448607e-06
267	0.7164789036	0.002685546875	19.71570598	3.296021772e-09	2.814848354e-10	8.688620937e-06
268	0.7191644505	0.002685546875	20.19198314	3.294965833e-09	2.815103706e-10	8.721582688e-06
269	0.7218499973	0.002685546875	20.41893622	3.293920912e-09	2.815359057e-10	8.753388371e-06
270	0.7245355442	0.002685546875	21.08655737	3.292856573e-09	2.815614408e-10	8.784090767e-06
271	0.7272210911	0.002685546875	20.88927181	3.291800551e-09	2.81586976e-10	8.81374099e-06
272	0.729906638	0.002685546875	20.65375921	3.290745206e-09	2.816125111e-10	8.842388425e-06
273	0.7325921848	0.002685546875	20.38125253	3.289690187e-09	2.816380462e-10	8.870080734e-06
274	0.7352777317	0.002685546875	20.86567519	3.288635025e-09	2.816635813e-10	8.896864003e-06
275	0.7379632786	0.002685546875	20.96863737	3.287579837e-09	2.816891165e-10	8.922782627e-06
276	0.7406488255	0.002685546875	21.64734164	3.286527444e-09	2.817146516e-10	8.94787938e-06
277	0.7433343723	0.002685546875	22.2317077	3.285477962e-09	2.817399647e-10	8.972195559e-06
278	0.7460199192	0.002685546875	22.08147296	3.284428807e-09	2.817654998e-10	8.99577087e-06
279	0.7487054661	0.002685546875	21.79714844	3.283379511e-09	2.81791035e-10	9.018643539e-06
280	0.751391013	0.002685546875	22.333909	3.282330427e-09	2.81816348e-10	9.040850401e-06
281	0.7540765598	0.002685546875	21.19585213	3.281281201e-09	2.818418832e-10	9.062426855e-06
282	0.7567621067	0.002685546875	21.36848685	3.280232188e-09	2.818671963e-10	9.083406894e-06
283	0.7594476536	0.002685546875	20.4523456	3.279186323e-09	2.818927314e-10	9.10382326e-06
284	0.7621332005	0.002685546875	20.34038419	3.278134097e-09	2.819180445e-10	9.123707429e-06
285	0.7648187473	0.002685546875	21.27649576	3.277087367e-09	2.819435796e-10	9.143089642e-06
286	0.7675042942	0.002685546875	21.04453105	3.276041203e-09	2.819688927e-10	9.16199896e-06
287	0.7701898411	0.002685546875	21.29907847	3.274997719e-09	2.819944278e-10	9.180463294e-06
288	0.772875388	0.002685546875	21.0019603	3.273954449e-09	2.820195188e-10	9.198509488e-06
289	0.7755609348	0.002685546875	20.32164255	3.272911511e-09	2.821237688e-10	9.216163264e-06
290	0.7782464817	0.002685546875	20.23901775	3.271868202e-09	2.822553302e-10	9.233449418e-06
291	0.7809320286	0.002685546875	21.20022081	3.270870732e-09	2.823860035e-10	9.250391756e-06
292	0.7836175755	0.002685546875	20.47929956	3.26990495e-09	2.825157885e-10	9.267013112e-06
293	0.7863031223	0.002685546875	20.66756037	3.268953013e-09	2.826446854e-10	9.283335444e-06
294	0.7889886692	0.002685546875	20.13341631	3.267989112e-09	2.827726941e-10	9.299379855e-06
295	0.7916742161	0.002685546875	21.08659294	3.267030311e-09	2.828998147e-10	9.315166636e-06
296	0.794359763	0.002685546875	20.11032826	3.266074478e-09	2.83026047e-10	9.330715258e-06
297	0.7970453098	0.002685546875	20.62130758	3.265115425e-09	2.831513912e-10	9.346044465e-06
298	0.7997308567	0.002685546875	19.63794969	3.264159127e-09	2.832759582e-10	9.361172275e-06
299	0.8024164036	0.002685546875	20.64422513	3.263206436e-09	2.833998591e-10	9.376115983e-06
300	0.8051019505	0.002685546875	20.90364608	3.262244339e-09	2.835227608e-10	9.390892259e-06
301	0.8077874973	0.002685546875	20.88510646	3.26128585e-09	2.836447743e-10	9.405517105e-06
302	0.8104730442	0.002685546875	20.7000649	3.260327982e-09	2.837658997e-10	9.420005938e-06
303	0.8131585911	0.002685546875	20.75712735	3.259373081e-09	2.838861368e-10	9.434373609e-06
304	0.815844138	0.002685546875	20.48347028	3.258419868e-09	2.840057078e-10	9.44863433e-06
305	0.8185296848	0.002685546875	20.15113641	3.257466209e-09	2.841243907e-10	9.462801899e-06
306	0.8212152317	0.002685546875	19.90348174	3.256514024e-09	2.842421853e-10	9.476889531e-06
307	0.8239007786	0.002685546875	20.13281256	3.255570355e-09	2.843590918e-10	9.490909989e-06
308	0.8265863255	0.002685546875	19.91197262	3.254608318e-09	2.844752212e-10	9.504876886e-06
309	0.8292718723	0.002685546875	20.3627301	3.253655222e-09	2.845905733e-10	9.518802131e-06
310	0.8319574192	0.002685546875	20.10725565	3.252711496e-09	2.847050373e-10	9.53269705e-06
311	0.8346429661	0.002685546875	20.57914582	3.25176391e-09	2.848187242e-10	9.546572684e-06
312	0.837328513	0.002685546875	20.52022563	3.250802863e-09	2.849316338e-10	9.560439551e-06
313	0.8400140598	0.002685546875	19.90732034	3.249856733e-09	2.850436553e-10	9.574307896e-06
314	0.8426996067	0.002685546875	20.01843134	3.248897355e-09	2.851548997e-10	9.588187581e-06
315	0.8453851536	0.002685546875	19.87443502	3.247947559e-09	2.852653669e-10	9.602088099e-06
316	0.8480707005	0.002685546875	19.95997976	3.247000091e-09	2.853749459e-10	9.61601873e-06
317	0.8507562473	0.002685546875	19.48627124	3.246051538e-09	2.854838588e-10	9.629988327e-06
318	0.8534417942	0.002685546875	19.38945393	3.245106806e-09	2.855918835e-10	9.644005516e-06
319	0.8561273411	0.002685546875	20.0982504	3.244161201e-09	2.85699131e-10	9.658078653e-06
320	0.858812888	0.002685546875	20.17448722	3.243215792e-09	2.858056014e-10	9.67221581e-06
321	0.8614984348	0.002685546875	20.09296083	3.242271643e-09	2.859112946e-10	9.686424789e-06
322	0.8641839817	0.002685546875	20.19782684	3.241329183e-09	2.860162107e-10	9.700713221e-06
323	0.8668695286	0.002685546875	19.65429025	3.240379022e-09	2.861202386e-10	9.715088439e-06
324	0.8695550755	0.002685546875	19.662145	3.239429269e-09	2.862236004e-10	9.729557576e-06
325	0.8722406223	0.002685546875	20.05209605	3.238484831e-09	2.86326185e-10	9.744127567e-06
326	0.8749261692	0.002685546875	19.81748525	3.237540802e-09	2.864279924e-10	9.758805149e-06
327	0.8776117161	0.002685546875	20.17051343	3.236595259e-09	2.865290227e-10	9.773596858e-06
328	0.880297263	0.002685546875	20.37782079	3.235652045e-09	2.866292759e-10	9.788509061e-06
329	0.8829828098	0.002685546875	20.9857002	3.234709239e-09	2.867287519e-10	9.803547968e-06
330	0.8856683567	0.002685546875	21.07293413	3.233764921e-09	2.868274507e-10	9.818719604e-06
331	0.8883539036	0.002685546875	20.85228079	3.232826345e-09	2.869254834e-10	9.834029854e-06
332	0.8910394505	0.002685546875	21.04365805	3.23188519e-09	2.870226279e-10	9.849484385e-06
333	0.8937249973	0.002685546875	21.0029971	3.230945296e-09	2.871191063e-10	9.865088842e-06
334	0.8964105442	0.002685546875	20.03599617	3.230008585e-09	2.872149185e-10	9.88084868e-06
335	0.8990960911	0.002685546875	21.13631799	3.2290678e-09	2.873098426e-10	9.896769214e-06
336	0.901781638	0.002685546875	20.24768039	3.228127636e-09	2.874041005e-10	9.912855646e-06
337	0.9044671848	0.002685546875	20.07282362	3.227188094e-09	2.874975813e-10	9.929113062e-06
338	0.9071527317	0.002685546875	19.51230911	3.22624832e-09	2.875902849e-10	9.945546438e-06
339	0.9098382786	0.002685546875	20.00630541	3.225305112e-09	2.876823224e-10	9.962160703e-06
340	0.9125238255	0.002685546875	19.59825079	3.224368288e-09	2.877736938e-10	9.978960577e-06
341	0.9152093723	0.002685546875	20.50831346	3.223429951e-09	2.87864288e-10	9.995950805e-06
342	0.9178949192	0.002685546875	20.0285082	3.22249629e-09	2.87954105e-10	1.001313598e-05
343	0.9205804661	0.002685546875	20.09404057	3.221558343e-09	2.880432559e-10	1.003052058e-05
344	0.923266013	0.002685546875	19.92944052	3.220624005e-09	2.881317407e-10	1.00481091e-05
345	0.9259515598	0.002685546875	19.96563691	3.219691783e-09	2.882195593e-10	1.006590595e-05
346	0.9286371067	0.002685546875	19.51992122	3.218756553e-09	2.883064898e-10	1.008391538e-05
347	0.9313226536	0.002685546875	20.01126612	3.2178228e-09	2.883927541e-10	1.010214164e-05
348	0.9340082005	0.002685546875	19.56462788	3.216885826e-09	2.884783523e-10	1.012058894e-05
349	0.9366937473	0.002685546875	19.7074715	3.215954596e-09	2.885632844e-10	1.013926136e-05
350	0.9393792942	0.002685546875	20.16103172	3.215019719e-09	2.886474393e-10	1.015816304e-05
351	0.9420648411	0.002685546875	20.08403854	3.214087384e-09	2.887309281e-10	1.017729795e-05
352	0.944750388	0.002685546875	20.10574547	3.21315247e-09	2.888136397e-10	1.019667009e-05
353	0.9474359348	0.002685546875	19.96327181	3.212220098e-09	2.888956852e-10	1.02162834e-05
354	0.9501214817	0.002685546875	20.22857923	3.211286427e-09	2.889770645e-10	1.023614179e-05
355	0.9528070286	0.002685546875	19.87175125	3.210355299e-09	2.890577777e-10	1.02562491e-05
356	0.9554925755	0.002685546875	19.98923092	3.209424365e-09	2.891378248e-10	1.027660916e-05
357	0.9581781223	0.002685546875	20.13428485	3.208501311e-09	2.892172057e-10	1.029722577e-05
358	0.9608636692	0.002685546875	19.62963926	3.207567565e-09	2.892960316e-10	1.03181027e-05
359	0.9635492161	0.002685546875	19.47197578	3.206640845e-09	2.893740803e-10	1.033924369e-05
360	0.966234763	0.002685546875	20.16141649	3.205713252e-09	2.894514628e-10	1.036065248e-05
361	0.9689203098	0.002685546875	20.04448182	3.204793539e-09	2.895280682e-10	1.03823328e-05
362	0.9716058567	0.002685546875	19.86917367	3.203858652e-09	2.896040074e-10	1.040428832e-05
363	0.9742914036	0.002685546875	19.77627455	3.202926734e-09	2.896792806e-10	1.042652271e-05
364	0.9769769505	0.002685546875	19.80025825	3.202000135e-09	2.897538876e-10	1.044903962e-05
365	0.9796624973	0.002685546875	19.93373048	3.201072449e-09	2.898279394e-10	1.047184273e-05
366	0.9823480442	0.002685546875	19.09289761	3.200147947e-09	2.899013252e-10	1.049493565e-05
367	0.9850335911	0.002685546875	20.11060805	3.199218944e-09	2.899740448e-10	1.051832206e-05
368	0.987719138	0.002685546875	20.28581146	3.198293551e-09	2.900460983e-10	1.054200557e-05
369	0.9904046848	0.002685546875	20.08861392	3.197365578e-09	2.901174856e-10	1.056598981e-05
370	0.9930902317	0.002685546875	19.52816185	3.19644207e-09	2.901882068e-10	1.059027842e-05
371	0.9957757786	0.002685546875	19.81216948	3.19552943e-09	2.902582619e-10	1.061487505e-05
372	0.9984613255	0.002685546875	20.69899689	3.194600334e-09	2.903276508e-10	1.063978334e-05
373	1	0.00153867454	20.67535743	3.194050581e-09	2.903673968e-10	1.065419133e-05
