scen,sid,n_elig,oracle|sil,N1|sil,N1|sil:csd,N1|sil:z,N3|sil,N3|sil:csd,N3|sil:z
L12,0,140,0.0002541329467834044,0.0018158731078769359,0.0011080690199275136,1.6387725630987542,0.000766386140703167,0.0012846234729049907,0.5965842574634692
L12,1,144,-0.0013717448277582851,-0.00036881773508277077,0.0011546334547593374,-0.3194240852475942,-0.0005316405104897593,0.0012222287334334233,-0.434976282218715
L12,2,142,0.0021444576965545673,0.0014562902971563452,0.001101716154269971,1.3218380174531663,0.0010624870919018813,0.001131974809958521,0.9386137240463982
L12,3,142,-0.001559287287507668,-0.0011133062422117054,0.0012821632182083958,-0.8683030572093317,-0.001110883091056397,0.0011414250447475218,-0.9732422607759754
L12,4,142,-0.0024363472744565653,0.00017158626551253155,0.0011710912736218589,0.1465182683684962,-0.0008559998964884483,0.001183328011152692,-0.7233834477176029
L12,5,142,0.0017693155671753675,0.0013006564882475729,0.0012639102406816695,1.0290734629589557,0.0009527645450120153,0.00097694388283031,0.9752500238312106
L12,6,144,-0.0019117129164147927,-0.0006388608987660809,0.0014253885742398708,-0.4482012205736753,-0.0013067430052717108,0.0012238251235669442,-1.0677530474804238
L12,7,144,-0.0021188921037535555,0.0009678409922517501,0.001205443857171163,0.8028918032922745,6.780035117655524e-05,0.0011763413939852106,0.057636627872850024
L12,8,143,-0.0001528244715328429,0.0019377316014818693,0.001147794556302341,1.688221634126178,0.0006918853214582125,0.0011604125719371133,0.5962408010654577
L12,9,144,0.0005706049355188253,0.0022830068044477595,0.001216129525691754,1.877272737991579,0.002188719225286376,0.0012350133046888756,1.7722231954721799
L12,10,141,0.0019957338066673496,0.0022020824275418498,0.0011778196297916909,1.8696261904985485,0.0009466510395577409,0.001205889453810745,0.7850230687118278
L12,11,144,-0.002663585686866371,-0.0004309873010532068,0.001280406876703371,-0.33660183250722475,-0.00029962573673126733,0.0013363231743794982,-0.22421652372405657
L12,12,144,0.0022139690520732187,0.0023717642227695963,0.0013747451901637805,1.7252391495816297,0.0012155195532022795,0.0011986017021615933,1.0141146562783752
L12,13,143,-3.218860664309494e-05,-0.00048554801353788,0.0011758949382073222,-0.4129178532549079,-0.00031239002084898786,0.0010532636638570132,-0.29659242179211515
L12,14,144,0.001076929279334257,0.0015448301207975435,0.0011364897294833315,1.3592996757655267,0.0015028547804034915,0.0010650077438366925,1.4111209886507061
L12,15,142,-0.001263437944011696,-6.42830227797967e-06,0.0013740129830234966,-0.0046784872904434135,-0.0009977284567549696,0.001212943887647694,-0.82256769411642
L12,16,143,0.004057148120999772,0.0032989202623110525,0.0012753660502903906,2.5866458194962263,0.002755431296958653,0.0012840536568056616,2.1458848564111688
L12,17,142,0.0013678032823491216,0.0001799570658177096,0.001359107809557373,0.1324082346906071,0.0005171161837983392,0.0011577758537563208,0.44664619850257953
L12,18,143,0.001281043878168506,0.001993700695630853,0.0009993735263163497,1.994950479606512,0.0016835117872198233,0.0010883417153087758,1.5468595603194264
L12,19,143,-0.0008669786909040068,-0.0004826397404754288,0.001306307815101257,-0.3694686159693667,-0.0003814846187822597,0.0011783364480951856,-0.3237484670858993
L12,20,144,-0.003574437917438113,-0.0006602158957114636,0.0012085671217952293,-0.5462798745764041,-0.0010067844509255624,0.0012843699174604508,-0.7838742072971077
L12,21,143,0.00017561630468592533,-0.00017802571331705584,0.0012013314710824742,-0.14819033514259278,-0.0008332176713242044,0.001197103000880064,-0.696028387458435
L12,22,143,-0.004088550092599017,-0.0026061151176670185,0.0012911979362314012,-2.018369952846614,-0.00226351143170555,0.00122721962880746,-1.8444224477611213
L12,23,143,-0.0030330317999091557,-0.0022799904177071093,0.0012480826096781302,-1.826794476605278,-0.0029440555309851735,0.0011478763825674572,-2.564784480015347
L12,24,144,0.0007615382380246596,0.001968936428016325,0.0011792825924239554,1.6696052673594346,0.0009451374846351863,0.0013062401246977853,0.7235556975819094
L12,25,142,-0.0012902026999910248,0.0009388655845575761,0.0013997627986946093,0.6707319164598053,0.0004103001500876945,0.00123742869512165,0.3315747822118821
L12,26,144,0.001352376718950823,-0.0008839840760353344,0.0011435575665749134,-0.7730123098944363,-0.0004629307464171024,0.0011396623947461512,-0.40619989617207275
L12,27,144,0.0013893437132543969,0.0010701111656970389,0.0011700227067336754,0.9146071777396891,0.0009084091307199257,0.0011377924540071289,0.7983961640109752
L12,28,143,-0.0009865613124848496,0.0014018361594214668,0.001315208161947852,1.065866377642697,0.0009064898517773478,0.0011054073118296596,0.8200505298602869
L12,29,144,-0.0019018694811420507,0.0007834144425092162,0.0011104811420333562,0.7054729818056508,-5.1888981705879425e-05,0.0013412927286832294,-0.03868579959933112
L12,30,144,0.0026941687706891464,0.002181930445642366,0.0012530233158494527,1.7413326775672853,0.0013662772163643964,0.0010482796335118522,1.3033518659398327
L12,31,143,-0.0012430182590386861,0.00031787627784736396,0.0013322175902921202,0.23860687635693362,-0.0003098944094761738,0.0009116074716526026,-0.33994281432817064
L12,32,143,0.004278049687018069,0.004587759506292472,0.001183738700193146,3.8756522073189843,0.004251507182099739,0.0012928751231575722,3.288412860567955
L12,33,142,0.002582738196028944,0.0007441362870648433,0.0013476830125191,0.5521597290700413,2.8207051820068547e-05,0.001170390654384148,0.024100544304936296
L12,34,143,-0.002173117740914159,0.0012120333644181228,0.0012507983890997457,0.9690077753381792,0.0007008337517239028,0.0010010280030874398,0.7001140323371005
L12,35,144,0.002133592555815781,-0.001206733826194105,0.0011508187212854015,-1.048587239566497,-0.0010762343653950017,0.001204376975256055,-0.8936025741991541
L12,36,144,7.623216504106729e-05,0.002600160134345778,0.001109565038203861,2.3434048882387812,0.002564740661817237,0.0010951452332694023,2.3419182989643885
L12,37,144,0.0006289686635498643,0.0009036277962813405,0.001360355862039179,0.6642583911292144,0.0010422128699710492,0.0009562586835543652,1.0898859146535502
L12,38,142,0.0016244251628034485,-5.167019704990353e-06,0.0013733500016969878,-0.0037623473248667096,0.00010565069614724413,0.0010980280084194984,0.09621858034324439
L12,39,144,-0.00042951201822468907,0.0017841210173378452,0.0012829349245472178,1.390655896258736,0.0004978739399040671,0.0009963111871386554,0.49971730352032934
L12,40,144,0.0023333873998124493,0.0030295718455687565,0.0012946668333392037,2.340039744244384,0.0017316917976460881,0.001290796945562243,1.3415679387835868
L12,41,144,-0.0007743437524998426,0.001212243334193321,0.001376434832858427,0.8807124792649055,0.00030988727741847226,0.0012199350233923253,0.25401949405203195
L12,42,142,0.0027054634006176198,0.0018860674212952176,0.0012369432893667453,1.5247808347469125,0.0017594905018519032,0.0011667293805331476,1.5080536508370845
L12,43,144,-0.0027123991679771442,-0.000940117947865963,0.0011773604147123633,-0.7984963110006037,-0.0003266456718349425,0.001152845661958998,-0.28333859649511345
L12,44,144,0.0002690011723142035,0.0003350795590579766,0.001172338326770323,0.28582155117378777,0.00045456196383175624,0.0011089780805627625,0.4098926496374789
L12,45,143,-0.0007659565371889317,-0.00039791798962655374,0.0013142406662083892,-0.30277406555570613,-0.0011934136079080487,0.001205346414223145,-0.9901001021994269
L12,46,143,-0.0009685932175343798,0.0001020896828209687,0.001191582776201296,0.08567569526846075,0.0010382409560043447,0.0011498854696410424,0.902908144694141
L12,47,143,0.0015073280964348558,0.00038931857682518954,0.0010934941249627172,0.3560317041835624,-0.0006482716208271777,0.0012169361232135035,-0.5327080102736359
L12,48,144,0.0023420090730040884,-0.0008285226466652061,0.001198787675980068,-0.6911337706135894,0.00013664803265609458,0.001069967207454717,0.1277123557657049
L12,49,141,-0.0006974244019700058,0.0014129618904442647,0.0013186904453075467,1.0714886844537135,0.001326614002843903,0.001114835668341943,1.1899637233682436
L12,50,142,0.0015622115963928103,0.0019878896981540333,0.0012954569242787707,1.5345085281479087,0.0013764536135864869,0.0011383226240516157,1.2091946382364738
L12,51,143,0.0005996325628951834,0.0018516381828667804,0.0013843538585347369,1.3375468789653524,0.0012050670422069556,0.0012726702786837643,0.9468807926066082
L12,52,143,0.0016051849335446575,0.001538778484384713,0.0011399953436134192,1.3498112014276122,0.0011302402841115889,0.001195770138524078,0.9451986194492433
L12,53,143,-0.0008270563236899772,0.0010290000541882422,0.0013672004646731685,0.7526329026184366,0.001333344495805733,0.0010591575105241555,1.2588727196447749
L12,54,142,0.001884258458410363,0.0026990568429109195,0.0012513397950312025,2.156933595197952,0.0008481390036660479,0.001269962897207942,0.6678454981092056
L12,55,142,-0.0006961504047223138,-0.0017057974709049858,0.0011768615144151827,-1.449446217767302,-0.0012466062479490776,0.0012008756951649793,-1.0380810045271303
L12,56,144,0.0006477871819242679,0.0010233620236397825,0.0012523857830106894,0.8171300229707636,0.0009848985238046966,0.0013398494125333356,0.7350815058704907
L12,57,143,-0.0023697087305969335,-0.00047467146970700167,0.001271060240929489,-0.37344529741555627,-0.0008509438403845919,0.0011678714731423812,-0.7286279868579759
L12,58,142,-0.0007606718474560671,0.000611510650874808,0.0012146059957321657,0.5034642122824273,-0.0007453696547914553,0.001199003474018667,-0.6216576273071339
L12,59,143,0.0005985555589682275,0.0033517864106501175,0.0012179272654689916,2.752041526354559,0.0013865729347624595,0.001285500401137982,1.0786250502411385
L12,60,141,0.0021488230403661967,0.0020544300347247555,0.0012663706403671508,1.6222975874812826,0.0012903023336833146,0.0012334417840759652,1.046099094696996
L12,61,143,-0.0033630116572815442,0.0004779916252103841,0.0012039408988667533,0.3970224997425609,0.00034812267951218217,0.0011619342846265154,0.29960616888422437
L12,62,142,0.0014877531122764532,0.0016884395739499558,0.0010558791749607302,1.5990840751383808,0.0012181979582463096,0.0011633927400434545,1.047108097133912
L12,63,144,-0.0025144516678758636,0.00015668662215690096,0.0011246582079073573,0.13931932480041784,-0.0005679823586533885,0.0011745753267618489,-0.4835640130626972
L12,64,143,-7.547308126834301e-05,0.0013860791486507464,0.0012483582569534264,1.1103216091456172,0.0009456929132491208,0.0011807264186107617,0.8009416053905354
L12,65,141,3.779393484380079e-05,0.0024030237167246976,0.0012943418982510582,1.856560248858291,0.0007443006039714346,0.0011536674959804654,0.6451604180274466
L12,66,142,-0.0022927705329505595,0.0011917876749378096,0.0011248640808000623,1.0594948272240567,0.0008506136426940807,0.0011771355759593366,0.7226131467489219
L12,67,143,-0.0018490489399133308,-0.0009883052957476875,0.0012507886049705767,-0.7901457463077353,-0.000634400048626228,0.0012682318978902624,-0.5002240124078012
L12,68,144,0.0022694501534544667,0.0010430835536791151,0.0014024674106978754,0.743748871255462,0.0011446372606192469,0.0010770020494577223,1.062799519458277
L12,69,144,-0.0022407284169870456,-0.0025723761685944877,0.001267189473318973,-2.0299854305584004,-0.002374809585726345,0.0011888978672866643,-1.997488304984684
L12,70,143,-0.0003974502591188128,0.0017541641458791825,0.0012035388679076248,1.4575051896153801,0.0009175761113127981,0.0011437512291940545,0.8022514755760036
L12,71,143,-0.001851144256065704,0.0016754215446977514,0.0011754267580415454,1.4253729832467654,-0.0002949211750910293,0.0012188448982442077,-0.2419677643282377
L12,72,143,0.0002283355075209965,0.0016304820946606991,0.001193918412553736,1.365656210270829,7.182325135754081e-05,0.0012133989807926492,0.05919178480817784
L12,73,144,-0.0019251178566821504,0.001437281860136814,0.0013230604935757539,1.0863311746633453,0.00018351382297633514,0.0012501778543696361,0.14679017256218024
L12,74,144,-0.002082845588353015,-0.00031453405384954905,0.0012012925339969064,-0.2618296917263277,-0.0020621736967979137,0.0011681904567765614,-1.7652718226171433
L12,75,144,-0.001293762688996247,-0.0017501326735483791,0.0013344404530105471,-1.3115105058453638,-0.000731871281188551,0.0010754535287797573,-0.6805233899961766
L12,76,144,0.0057060120232943585,0.0030741603854496768,0.0010997074093573728,2.7954348213822615,0.001593150070160324,0.0012661119614342567,1.2583010971285644
L12,77,142,0.0040696060439094905,0.0017907862900952874,0.001273514152939756,1.4061769835548903,0.0004590958918834313,0.001306558302394309,0.35137803727711475
L12,78,144,0.0023679604822759346,0.0019253152933238963,0.0011930052813692205,1.613836353778919,0.0016358074099433533,0.0013429434852413097,1.2180761349383364
L12,79,143,0.0010193517582163473,0.0008643918031923183,0.0013744934961780408,0.6288802425008725,0.0005198206285246068,0.001243184200517478,0.4181364501802953
L12,80,144,-0.0006450632997063473,-1.7869597631671413e-05,0.0009939740363032522,-0.01797793199722932,-0.0002777957047496971,0.001159661708980828,-0.2395489155141965
L12,81,144,0.001057192738392709,0.0011164452169761664,0.0013065162308209008,0.8545207404539396,0.0016020931430495552,0.0012139465533163435,1.3197394388351331
L12,82,143,0.001255692916483969,0.001601295667111469,0.001090049561289011,1.46901179907627,0.0023763080951107194,0.0013610408647246836,1.7459491163708798
L12,83,144,-0.00022759038114028362,0.0006490387331928921,0.0011378411339349995,0.5704124361793105,0.0005367632191647086,0.0011873268443682737,0.4520770516649925
L12,84,142,-0.0001404271803592679,0.0013117551947942122,0.001359177389053526,0.9651096356949135,0.001026296433460187,0.0012203716727560206,0.840970383344326
L12,85,142,0.0010244883364571148,0.001754994447065342,0.0013111499750712854,1.33851541046624,0.001303235873189489,0.0011061055123715898,1.178220213725573
L12,86,142,-0.0012266629502177364,0.002554515798408977,0.0011793829443697713,2.165976547824369,0.002038028562077286,0.0012084253209964694,1.6865159366213252
L12,87,144,-0.0035327557945038185,-0.0002048241007962411,0.0010963954599457497,-0.18681589652548902,-0.0012086427632083852,0.00117107354420029,-1.0320810073749473
L12,88,143,-0.000145796349891049,0.0009213776561701375,0.0011211915111508908,0.8217843669047702,-0.00014944155972329275,0.0011446386680307263,-0.13055784667872253
L12,89,143,0.0006783989062604391,0.0013041886616232412,0.0012834997754391016,1.016119119442044,0.001115322609744711,0.001121675484418757,0.9943362632398639
L12,90,144,0.0025539018282553943,0.0018507094049374834,0.0011543563444559141,1.6032392543480871,0.00183131034829711,0.0011760754652779285,1.5571367674644392
L12,91,140,-0.0011081526286316832,0.0007200339349011256,0.0012419799249639494,0.5797468384378481,0.0010853250113226597,0.0010970330657442213,0.9893275282330537
L12,92,141,-0.0017292797282050154,0.001083656036301601,0.0012700104478033554,0.8532654500409205,0.00108336029849277,0.0010780265641881779,1.0049476835560252
L12,93,143,-0.003277236316980045,-0.0010553118445779525,0.0011267492990230893,-0.9365986253489802,-0.001908982981783114,0.0011560554131796088,-1.6512902063514907
L12,94,143,0.0019220704583850343,0.0023369625070033193,0.0012208006710565569,1.9142867156034298,0.0013691294700956095,0.0012331784916717887,1.1102443639278168
L12,95,142,-0.0016379842293372576,-0.002476903092125803,0.001155400547019402,-2.143761398170958,-0.0023090787160005223,0.0012122998241078343,-1.9047092724770778
L12,96,141,0.0005936128835584212,-7.357632955255087e-05,0.0009777378688547672,-0.07525159032525912,-0.00036797615179475895,0.0011733907206947188,-0.3136007003505999
L12,97,143,0.00104138897097054,0.0026743679808504356,0.0012805693726444158,2.0884210086391355,0.002204186876098141,0.0010492908725218762,2.1006442863651107
L12,98,144,-0.0008098975048222955,0.0007556517146515662,0.0011578706521913186,0.6526218738003798,-0.0002903939177452746,0.00125397283468788,-0.23157911376728912
L12,99,143,0.001075542272261139,0.0010509523781984528,0.0012251752525633574,0.857797589364959,0.0008394759561610744,0.0010949927616799263,0.7666497766370247
