scen,sid,n_elig,oracle|sil,N1|sil,N1|sil:csd,N1|sil:z,N3|sil,N3|sil:csd,N3|sil:z
Lsh,0,143,0.0016387064439414565,0.0020506199856192417,0.001218897785312706,1.6823559861446125,0.001208877411651829,0.0012891822002282067,0.937708736156796
Lsh,1,144,-0.0014181277597076795,0.0002847752662046525,0.0013200512667013368,0.21573045940577337,-0.0007459146668601338,0.0010741410745474561,-0.6944289577366674
Lsh,2,144,-0.00010615422887550741,0.0009780295952967278,0.0010966904770396211,0.8918009372496755,0.00012353144542437744,0.001246598286582564,0.09909483011004908
Lsh,3,144,0.0009752245269066718,0.0011093832025176372,0.0010596812647745537,1.0469027238616488,0.00034685832635165665,0.0011942486552254594,0.29044062543756777
Lsh,4,142,-0.00032977904584137875,-0.000258170829639298,0.0012954415046326868,-0.19929176942072774,-0.0007466471887123152,0.0010247155220819235,-0.7286385075882773
Lsh,5,143,2.6114411753188617e-05,-0.0001295227661257854,0.0011785593619444495,-0.10989922977837271,-0.0002978788263323121,0.0013041013854829914,-0.22841692344494266
Lsh,6,143,0.00018487802273007154,0.0009313150483947825,0.0010652626913127219,0.8742585805263903,0.0016272802966356124,0.001181450927607805,1.3773575005188918
Lsh,7,143,0.0006870712537867774,0.0031329659155508297,0.001193218563942346,2.6256429544639643,0.0016585598045382312,0.0012474357675537828,1.3295753157620782
Lsh,8,144,-0.0021561144427584803,-0.0006513124226531269,0.0012387439521055529,-0.5257845429203184,-0.00035492417953941383,0.0012243040473353679,-0.28989872271670364
Lsh,9,144,0.0011869706516536597,0.0019326718829208109,0.0012388728766576321,1.5600243732310826,0.0015502098936754436,0.001194769231787464,1.2974973345741536
Lsh,10,143,-0.0011758076521256064,-0.0013378308366159342,0.0012334522919253531,-1.0846230903083018,-0.001121700597641564,0.00115946932767441,-0.9674258480743082
Lsh,11,144,0.00025568130373833874,-0.00138645632335998,0.0014250401230194445,-0.9729244117157128,-0.0008683020529161119,0.0012686955490368071,-0.6844053749343775
Lsh,12,143,0.0009786799877679973,0.0034202496797027552,0.0013553301737913722,2.5235545890157676,0.002398212521540699,0.0011108376408109197,2.1589226304844926
Lsh,13,144,-0.003011185207184822,-0.0016252143207228379,0.0012659740230069848,-1.283765931359771,-0.0020616818747440087,0.0010348275429334591,-1.9922951305487022
Lsh,14,143,-0.001086078904325543,-0.001596110250391899,0.0013774937924077892,-1.1587059478518444,-0.001224673523776268,0.0012136000534820554,-1.009124480723646
Lsh,15,144,0.001159865595495099,0.0027549093991027567,0.0012346824160083775,2.2312696474686526,0.001095546081028363,0.0012009132231643003,0.9122608194301466
Lsh,16,143,-6.5606227908147e-06,-0.0018907979768490373,0.001139368045317677,-1.6595146622019292,-0.0013011717866983953,0.0011255995790920709,-1.155981053002831
Lsh,17,144,-0.0016693144019905117,0.0011246022184091989,0.0012755221997255545,0.8816798473998899,-0.0002034644692447357,0.0010948805852293816,-0.18583256657355846
Lsh,18,143,-0.0005005095030175301,0.0003776722093002388,0.0013399522762896211,0.28185497049643254,-0.0002671391064849826,0.0010563230783493815,-0.25289526657167827
Lsh,19,144,-0.002927879876919462,0.0008583899688024055,0.0013790564520466976,0.6224473026673013,0.00033088188901163985,0.0013614933573539295,0.24302864734846066
Lsh,20,144,-0.0028302078023845056,-2.241837940533367e-07,0.0012427787826647428,-0.00018038913858236784,-0.001028958184487135,0.0011026301713590032,-0.9331852249416803
Lsh,21,143,-0.0015028047349085667,0.0005015931658952323,0.0012095239457024186,0.41470296448239163,-0.00041548515808637054,0.0011743921932325552,-0.35378739783916074
Lsh,22,144,-0.0028676812646576517,0.0017414566020345595,0.0012248498344587554,1.421771512753713,0.00025322474790757943,0.0011994662470405824,0.21111452575873266
Lsh,23,143,0.001500524080123679,0.001335250858830042,0.0011685862765783424,1.1426206909939922,-0.000679016637850911,0.001267787343430135,-0.5355919045648133
Lsh,24,143,-0.00046331979987987047,0.001290068069624457,0.0013872524716377309,0.9299446899535582,4.319802627224479e-05,0.0011263784818601134,0.03835125312488846
Lsh,25,143,-0.00025213393790485456,0.0013615670590841349,0.001276418054045075,1.0667093392867766,0.0016805777995578864,0.0011284944452337063,1.4892211535962376
Lsh,26,143,0.002060374416707637,0.002092795025044856,0.0012748596052882593,1.6415886238482338,0.0020149762790126783,0.0012491120029108898,1.613126984863682
Lsh,27,144,-0.001998092720880253,5.0075255348617756e-05,0.0011980730471932459,0.04179649601994657,-0.001284941642035795,0.0011236705332626927,-1.1435217032031935
Lsh,28,144,0.0013066158548075838,0.0022295742846864908,0.0011952445792577308,1.8653707562272301,0.0007524721523863508,0.0012196155670260737,0.6169748671060248
Lsh,29,143,0.0014415238827729558,0.00018319249706992975,0.0011354127599175032,0.16134440578529358,0.0012525611648698362,0.0011292150937809882,1.109231688248024
Lsh,30,144,0.0007464768978168837,0.0006503462437066747,0.001338193362254624,0.48598824508511534,0.0006180989009550072,0.001187169278610976,0.5206493396444706
Lsh,31,141,-0.0005646672042759907,0.001065187992366294,0.001184313117777891,0.8994141636840858,-0.00028545707547862484,0.001185207083221171,-0.24084995737859238
Lsh,32,142,-0.0006105389894837497,0.00017835537146242432,0.0012413889652770893,0.1436740429077471,0.00010002217605950806,0.0012203981020151432,0.08195864603062694
Lsh,33,142,0.00019782952644747552,0.0029105053408256558,0.001341388237127604,2.169771032924888,0.0022512372377090422,0.0011674090631737524,1.9284047971914515
Lsh,34,143,-0.0014869712174174132,0.0010903494323503266,0.0011179019856276471,0.9753533372052728,-0.0005444870777771236,0.0012943631582778088,-0.4206602098452654
Lsh,35,141,-0.0010339181219688777,0.00020340653343774054,0.0011172200129340932,0.18206488523558148,-0.00018513338276185517,0.001176633109672707,-0.15734163966654993
Lsh,36,142,-0.002447714684838443,0.0006563279339191142,0.0011614025420673207,0.5651166672589134,8.190691491692083e-05,0.0011522501384318862,0.07108431770586647
Lsh,37,143,0.0037432872913398265,0.002393276944172353,0.0013974899371281694,1.7125539730829962,0.002619878610668308,0.0011603588204091336,2.257817637603305
Lsh,38,143,0.0006551560563283258,0.0005292636672136803,0.0011927996390359071,0.44371548237679154,0.00026548305402114607,0.00127393346359059,0.2083963265027047
Lsh,39,143,0.0014164481446567378,0.002045972692869506,0.0012046998357329588,1.6983257008785955,0.0016293071640749322,0.0012746270894148878,1.278261836426887
Lsh,40,143,2.6604822346766588e-05,0.0008640019621744971,0.0012508129128374257,0.690752352575685,0.00011646269673788578,0.0011315800392085722,0.10292042339253338
Lsh,41,142,-0.0007616069019211885,0.0015893175785697872,0.001176032899176216,1.3514227192819757,0.0005875606213362963,0.0011032598318754716,0.5325677636042279
Lsh,42,143,-0.0013957486925091883,0.0015203954414114117,0.001080494242133136,1.4071296098809494,0.0013173397927562112,0.0013037185067070961,1.0104480269161167
Lsh,43,143,-0.00010282605404349851,-2.6610641150750935e-06,0.001264240675987564,-0.0021048714581156777,-0.00046651253156634827,0.0012286146317292998,-0.379706149933867
Lsh,44,143,0.003060962945403082,0.0016729471706694544,0.0012705329594793024,1.3167286674365943,0.0007592107146284656,0.0013628577145446798,0.5570726177252568
Lsh,45,144,0.0038413880396848937,0.003887497160636056,0.0011688487542181507,3.3259197536095453,0.0030155411841220154,0.0011681554242819697,2.5814554479987786
Lsh,46,143,0.001967793985215091,0.0018724438853201235,0.0014174606594895727,1.3209847291242567,0.0018446907715325383,0.001189724758611256,1.5505189399317976
Lsh,47,144,-0.005832997393655972,-0.002197731417793558,0.001237868455766721,-1.7754159640753664,-0.0016548449553336825,0.0012082920718132972,-1.3695736270537955
Lsh,48,144,0.0007047975167661848,0.0012281971192510937,0.0012259743183509202,1.0018130892849073,0.0008122906632845183,0.0012417043950698258,0.6541739455136906
Lsh,49,143,0.00080412418750962,0.0019208534963810887,0.0012514474082756493,1.5349054891789693,0.001423569757487832,0.001037262478118311,1.3724296284873987
Lsh,50,142,0.0004925280760337741,0.0009026858965296995,0.0013407669768283387,0.6732608366183472,0.0008891657058659458,0.001167407548438149,0.7616583489249686
Lsh,51,142,0.0022329419754558554,0.0012409750065136282,0.0012953608055797177,0.9580149416040499,0.0008980352624642648,0.0011725470323490064,0.7658842141838846
Lsh,52,143,0.0006326389848143011,0.0003060834307862565,0.0010947371567957113,0.27959536121178236,-0.0004139503689620296,0.0010983619455930498,-0.37687974407973607
Lsh,53,141,-0.00011510340926319029,0.0011396306524366132,0.0010999939441467292,1.0360335695489946,4.2013126323496306e-05,0.00115337581165227,0.036426224565356845
Lsh,54,144,0.0009812163676739163,0.0012215788028654398,0.0012413403111524125,0.9840805070862261,0.0006764558919709294,0.0011200876504141644,0.6039312117411548
Lsh,55,144,0.0011973627809866415,0.00016978249434308082,0.0013375471087120605,0.12693571182443536,3.276164538790918e-05,0.001236972195879422,0.026485353104171733
Lsh,56,144,0.0015323834527129045,0.003480534397801603,0.001146401630506136,3.036051506892002,0.003024932168057493,0.0011880722084398247,2.546084443831769
Lsh,57,143,0.001560265376128219,0.0024448229271636025,0.0012496019902214484,1.956481300682262,0.0022091669052458425,0.001229731319791376,1.7964630726170556
Lsh,58,144,-0.0007605742140742284,0.0004540093097866171,0.0010728266564277752,0.423189810829595,0.00029360278393749414,0.0013202492611253157,0.22238435769866785
Lsh,59,143,0.0018408592729291823,0.002613342395613267,0.0011961869001023255,2.1847274831296963,0.0015317177744675083,0.0010958619235156032,1.3977288028711212
Lsh,60,143,0.0016291003647952544,0.003139828415767857,0.0012386376365087098,2.5349047398704476,0.0013537123549596823,0.001384873312471179,0.9774990555230696
Lsh,61,143,0.0007690810959549039,0.00223852651372622,0.0011322996236213807,1.9769736446320154,0.0013919165660598136,0.0012976805718994966,1.0726187909420404
Lsh,62,144,-0.00023153374942622295,0.0004902506136565835,0.0011403924482336165,0.4298964048875853,0.0009602673069294504,0.0012457637751494206,0.7708261598907651
Lsh,63,144,0.0019370747491905221,0.0010331019055998868,0.001200049657737463,0.8608826300968792,0.0013483847055502686,0.0011549999633583368,1.1674326825341506
Lsh,64,144,-0.0009458755707623727,-0.000292056150341295,0.0012222364354473906,-0.2389522533210933,-0.0007745919170437502,0.0012622409840093707,-0.6136640521553527
Lsh,65,142,-0.0012040482303742612,0.0020548385717095927,0.0013193536695313452,1.557458488321409,0.0006399454734488801,0.0011246224169397365,0.5690314045048703
Lsh,66,143,-0.0036397329932204062,-0.00047665601007285206,0.0012337338140548419,-0.38635239193635634,-0.001260626814315879,0.001129401320643433,-1.1161903136412885
Lsh,67,143,0.0008262766470509526,0.0020867828191668053,0.0012480662913522558,1.6720128038277648,0.0011659897193713072,0.0011770458559032231,0.9906068769738526
Lsh,68,142,0.0014170784020205655,0.004266006759763301,0.0011956724550443336,3.567872406666025,0.0035506884587310833,0.001190306575233849,2.983003314111334
Lsh,69,144,0.0007162571074850701,0.0023312514555230584,0.0011802938356192537,1.9751449894677646,0.0012981581590062335,0.0012387670358717695,1.047943738745573
Lsh,70,144,0.0028376982040081294,0.005038560624612633,0.0012133152044518207,4.152721902870301,0.004245145192659306,0.0011318002356572013,3.7507901650102426
Lsh,71,143,-0.0010849606670186305,-0.00036201102386848854,0.00116232221424287,-0.31145496440872933,-0.001859112201983878,0.0012115987012891328,-1.534429015156417
Lsh,72,144,5.151706308163343e-05,0.001531515709692433,0.0010716425521904139,1.4291292432929699,0.0008993937594713071,0.0011736798158573586,0.7663024849876208
Lsh,73,142,-0.0013808341361710092,0.0012405052933026734,0.001126693430811035,1.101014046393891,0.00015395319980129982,0.0011092437328167374,0.1387911378235707
Lsh,74,143,-9.23320254125805e-05,0.002879842115293612,0.00125392204124732,2.296667592212457,0.0016881697731604157,0.001141694543616581,1.4786527470059971
Lsh,75,141,-0.00027025255013876686,0.00011670635874900293,0.0012703532748159002,0.09186921548725573,-0.00035096370102534496,0.0011701077911270576,-0.29994134188893296
Lsh,76,143,4.284041952485968e-05,0.000898298442644629,0.001225509133816077,0.7330002020037532,0.0006120206550555195,0.0012203020817860225,0.5015320912669197
Lsh,77,143,0.0007702350822268002,0.004810603549316563,0.0011272007867053216,4.267743250408301,0.0032072578846567396,0.0011883475681619556,2.6989224117464885
Lsh,78,143,0.0002618643631694116,0.0013710701813680845,0.0012077805678563736,1.135198079731921,0.000880469386397517,0.0013356435513783651,0.6592098509283297
Lsh,79,144,0.000508535665788409,0.0016295120637862708,0.001161299208940261,1.4031802064803574,0.0015201696426491668,0.0010802049924648462,1.407297367863849
Lsh,80,143,-0.0006528220691946675,-0.001260058969865592,0.0012657272215821859,-0.9955217430581066,-0.0004474421526055033,0.0010599509078288067,-0.4221347887913408
Lsh,81,142,-0.0018945039308784326,0.0007386042353750206,0.0012556095113782813,0.5882435810511307,0.00023726162616590098,0.0013189050135449033,0.1798928836643043
Lsh,82,143,-0.00014930032744258522,0.0010104876684097132,0.0011410022255766213,0.8856141081574571,-0.00035655203639714414,0.0012179267359963089,-0.2927532714892505
Lsh,83,143,-0.002239644968179822,-0.0015194279465294163,0.0011982532237173628,-1.2680357677784229,-0.0011452536109301914,0.0009768158089422101,-1.1724355814535616
Lsh,84,142,-2.4631433095980068e-05,-0.0013662571693269334,0.00119123414350529,-1.1469257968938213,-0.0012373655837131594,0.0011856453509356156,-1.0436220095129884
Lsh,85,143,-0.003418551360633207,-0.0014439462010141606,0.0013175039426624221,-1.0959710663910598,-0.0018405462058287236,0.0011154464522067549,-1.6500533953803522
Lsh,86,143,0.0016761298517162842,0.0032510262969009745,0.0012678511975262978,2.5642017795495606,0.0030421068097389926,0.0010100114752990513,3.0119527194859486
Lsh,87,143,-0.001188384496334304,0.0015842419785203374,0.0013392511783749692,1.1829311813207715,-0.00043726058378084894,0.0012028415164896792,-0.3635230225981319
Lsh,88,144,0.00022401981206204792,0.0014812024806129436,0.0011818146371121874,1.25332893509622,0.0007207817543260029,0.0011794641577093246,0.6111095022385897
Lsh,89,144,0.0028210186949774872,0.0027005334190524518,0.0012599334609935198,2.1433936812210286,0.0008623181564336074,0.001208149523706763,0.7137511868463937
Lsh,90,144,-0.00013418520012619441,0.0019278734687845401,0.0011216691154214164,1.7187541693703752,0.000528247718980261,0.0011417007458639627,0.4626849206273562
Lsh,91,144,3.110169828902576e-05,0.0015716489275311772,0.0012796941609269153,1.2281441734428105,0.0012593096046846384,0.001350173403844136,0.9327021263337025
Lsh,92,144,0.0021727927141576174,0.003534170415880356,0.0012644703184519117,2.7949809215033476,0.0024293831191137213,0.0011543752022720034,2.104500438273699
Lsh,93,144,-0.00015755444368926747,-0.00032814867840849095,0.0012562077728649637,-0.26122165894587673,-0.0001984240392622793,0.0009647819531333898,-0.20566723767774023
Lsh,94,143,0.0023498117801538927,0.0023009225924147687,0.0013663281722257467,1.6840189927918774,0.0009734933947432021,0.0011726376424733263,0.8301740959721459
Lsh,95,143,-0.001241512014404201,4.050025529522594e-05,0.0010826650883597423,0.03740792580333829,-9.192642091463001e-05,0.001237669588530561,-0.07427379792354019
Lsh,96,144,-0.0013069098560624115,4.484990156792995e-05,0.0012706285512761714,0.03529741364845328,-0.00019275540441070422,0.0011629009677757566,-0.16575392896901728
Lsh,97,142,-0.0002675671191533037,0.0016160478165598644,0.0012718577559863165,1.270619932892284,0.0009126329659738218,0.0010820315705346647,0.8434439353029802
Lsh,98,143,-0.0030687917673283428,-0.001223601722606507,0.0012790228466472082,-0.9566691680402891,-0.0013962262750482088,0.0012137122931125356,-1.1503766444250314
Lsh,99,142,-0.0005809546369727076,0.000774195420026893,0.0012210200762087216,0.6340562576421976,0.001510321832030483,0.001218444708981443,1.2395489273313307
